{"cameraMode":{"drawMode":0,"name":"Shaded","section":"Shading Mode"},"sceneLighting":false,"audioPlay":false,"sceneViewState":{"showFog":true,"showMaterialUpdate":false,"showSkybox":false,"showFlares":true,"showImageEffects":true,"showParticleSystems":true},"in2DMode":false,"pivot":{"x":0.02203790843486786,"y":-0.021864548325538636,"z":0.0000661015510559082},"rotation":{"x":0.0748206228017807,"y":-0.05382180213928223,"z":0.004044198431074619,"w":0.9957345128059387},"size":0.24494898319244386,"orthographic":false}